{"cameraMode":{"drawMode":0,"name":"Shaded","section":"Shading Mode"},"sceneLighting":false,"audioPlay":false,"sceneViewState":{"showFog":true,"showMaterialUpdate":false,"showSkybox":true,"showFlares":true,"showImageEffects":true,"showParticleSystems":true},"in2DMode":false,"pivot":{"x":1.5635790824890137,"y":1.4252339601516724,"z":6.70984411239624},"rotation":{"x":0.12116679549217224,"y":-0.6373339891433716,"z":0.10240943729877472,"w":0.7540798187255859},"size":0.7033255100250244,"orthographic":false}