{"cameraMode":{"drawMode":0,"name":"Shaded","section":"Shading Mode"},"sceneLighting":false,"audioPlay":false,"sceneViewState":{"showFog":true,"showMaterialUpdate":false,"showSkybox":true,"showFlares":true,"showImageEffects":true,"showParticleSystems":true},"in2DMode":false,"pivot":{"x":-3.585602283477783,"y":1.7940521240234376,"z":6.834280014038086},"rotation":{"x":-0.013454882428050042,"y":0.7756150960922241,"z":-0.016543995589017869,"w":-0.6308459639549255},"size":0.33516445755958559,"orthographic":false}