{"cameraMode":{"drawMode":0,"name":"Shaded","section":"Shading Mode"},"sceneLighting":false,"audioPlay":false,"sceneViewState":{"showFog":true,"showMaterialUpdate":false,"showSkybox":true,"showFlares":true,"showImageEffects":true,"showParticleSystems":true},"in2DMode":false,"pivot":{"x":329.21527099609377,"y":243.77796936035157,"z":-13.45077133178711},"rotation":{"x":0.06739621609449387,"y":-0.9116807579994202,"z":0.16620726883411408,"w":0.3696906268596649},"size":116.67262268066406,"orthographic":false}